id,Prediction
1,0.0375413322256439
2,0.892360310082577
3,0.4784678126396241
4,0.9998913043478261
5,0.9850782156436106
6,1.0
7,0.9658406495114791
8,0.9582573240056489
9,0.44233592192394816
10,0.9912148614044699
11,0.6519261567313472
12,0.8908838348858782
13,0.049709680071711636
14,0.7054920217036275
15,0.9677946507432914
16,0.5465893906393494
17,0.39744974840776925
18,0.19106101197425684
19,0.016657564410693975
20,1.0
21,0.061043396278220925
22,0.2511424726081429
23,0.05775076014539186
24,0.7318731992298219
25,0.8577104665455741
26,0.9921500378461147
27,0.13570178594047888
28,0.9914023337207984
29,0.9192999731122462
30,0.8895041196746096
31,0.14584166173237265
32,0.18541083093728794
33,0.6801184378210645
34,0.9997967313585292
35,0.016017777171553817
36,0.9997520661157024
37,0.00958433495503135
38,0.6898840070211549
39,0.02821159851187648
40,0.8313185630062582
41,0.7793185066200834
42,0.9982435206930012
43,0.2648535514689529
44,0.9643759419618904
45,0.8767414949566944
46,0.34614411962130476
47,0.007560091484931685
48,0.5664741220646424
49,1.0
50,0.9900940725972684
51,0.8962810741024245
52,0.9463877674322569
53,0.8070191063850706
54,0.8769567004361127
55,0.007247127215116952
56,0.9229347517171296
57,0.4804957211048476
58,0.9884542327934689
59,0.965079350837131
60,0.96724242929889
61,0.9950697534999183
62,0.20466319797756927
63,0.9819201454638404
64,0.4452746397912918
65,0.10403103331618956
66,0.41135185564032395
67,0.9614293708465379
68,0.24194154162982034
69,0.7727246137839515
70,0.16997868975278294
71,0.07853140142567647
72,0.9849321430371286
73,0.017803748320766408
74,0.8296689986920925
75,0.9898494138167538
76,0.9153028422280655
77,0.9839789544496866
78,0.9984320339306487
79,1.0
80,0.9921120394405339
81,0.11918498063665878
82,0.9876032330305645
83,0.457505351079277
84,0.004110428704572268
85,0.030999489211137928
86,0.4522955782964798
87,0.6539543361074314
88,1.0
89,1.0
90,0.4551003956491732
91,0.17076538165717126
92,0.05258939952002851
93,0.2058734402116385
94,0.9984280377519394
95,0.9134225198823483
96,0.2966743215707624
97,0.9986417819834488
98,0.041921537493364844
99,0.1688961598832866
100,0.005309357997044828
101,0.6724442951469559
102,0.06146503633896092
103,0.9988110332110409
104,0.06821975493567667
105,0.9875394969620982
106,0.9991539721539721
107,0.0014921791812245225
108,0.39838990244105665
109,0.1635129056369947
110,0.11860327626736333
111,0.17501491199780944
112,0.8387547234692245
113,0.02096350663018343
114,0.10143942484165676
115,0.9374765621717135
116,0.019949439922992574
117,0.9810901669328552
118,0.14250686040068242
119,0.04132156096185167
120,0.0708577564415781
121,0.9847068777961232
122,0.8101518538043763
123,1.0
124,0.9888197054010958
125,0.9997727272727271
126,0.4471800601072602
127,0.3372064396292803
128,0.6436781725624834
129,0.024574128764486388
130,0.42663515344370034
131,0.7232023418294298
132,0.9778391331501587
133,0.1062489337016454
134,0.8701005170548399
135,0.03497669978508743
136,0.9995049504950495
137,0.3408768222827559
138,1.0
139,0.9923191946313743
140,0.12627779734804617
141,0.2699036194964907
142,0.45859494823160135
143,0.08216710757251104
144,0.9810740607924987
145,0.2230529844212189
146,0.9990504347373723
147,0.022059412830915486
148,0.9982126556580136
149,0.5466608622788472
150,0.12077396460947618
151,0.027170756424547245
152,0.9910106335839036
153,0.9976497116665533
154,1.0
155,0.18094063653354678
156,0.06263656088874539
157,0.5868060225078685
158,0.034102936977116124
159,0.1479225066266744
160,0.9622675021658759
161,0.5442080678870364
162,0.9981611573134813
163,0.9552658576530624
164,0.1301165775314508
165,0.024976035163141126
166,0.9999038461538461
167,0.019960292578912794
168,0.6832704375802158
169,0.979327698361858
170,0.03230522084265609
171,0.3890819723704939
172,0.9984064966650225
173,0.7790386217407463
174,0.7095399582678458
175,0.9982207287416965
176,0.04620109808150021
177,0.9683079736670712
178,0.9984059662586382
179,0.07753339535119358
180,0.09112107537148663
181,0.4162878328598979
182,0.3013104505255595
183,0.12177279149702133
184,0.9946360615838905
185,0.9973151902049326
186,0.998187116720072
187,0.39328363571484537
188,0.29350055723839225
189,0.7754121288192782
190,0.07119771411330611
191,0.9995029330040137
192,0.6791856856968762
193,0.11922304395950509
194,0.7841207225841861
195,0.19115888363959727
196,0.03557032686492772
197,0.32910882656577223
198,1.0
199,0.4303523177303326
200,0.742503943036148
201,0.9873722314280364
202,0.7337393228539733
203,0.8257859422824627
204,0.6786045517241597
205,0.028815255777612375
206,0.9982938015380788
207,0.8746637739761702
208,0.42683348038218655
209,0.15653724724053533
210,1.0
211,0.9100244374461947
212,0.7945449539001281
213,0.4074518724683776
214,0.11493512962208378
215,0.8080780230998692
216,1.0
217,0.021285236627643467
218,0.9929237121878117
219,0.9168784794772232
220,0.05685894822058877
221,0.9986477411509944
222,0.24343267856197984
223,1.0
224,0.9997142857142858
225,0.9998717948717949
226,0.9997435897435898
227,1.0
228,0.9969362900498256
229,0.060118778006481896
230,0.060765985132333514
231,0.9998913043478261
232,0.9770072925615179
233,0.1473900766302488
234,0.9943247121290826
235,0.07741539306038175
236,0.29514989991206697
237,0.035860133469166715
238,0.9983819995331704
239,0.9975108450334098
240,0.11876606732023255
241,0.04784765223616612
242,0.1857456249916793
243,0.9966872992414872
244,0.5067174357809137
245,0.9998958333333334
246,0.1498825661890261
247,0.9985403442136435
248,1.0
249,0.026211111610202256
250,0.04165558164246642
251,0.8812168334827198
252,0.9778080980808993
253,0.11111365080210335
254,0.1376693346605717
255,0.2535106493323713
256,0.9965680383154961
257,0.7089359324686849
258,0.00688309810400059
259,0.07392293100960456
260,0.018021892062217288
261,0.9720623608333766
262,0.9989863445378151
263,0.33507097153725485
264,0.9676488838373574
265,0.8698417944407908
266,0.01570562059815828
267,1.0
268,0.7385734501747886
269,0.5769408551226154
270,0.022741822744131765
271,0.835992685293149
272,0.14396014003594815
273,0.6019097203858668
274,0.09009439010948737
275,1.0
276,0.6767599893874409
277,0.9851281582618374
278,0.05957204042763056
279,0.07246859172670338
280,0.0502397591874271
281,0.23118378367027748
282,0.31292381960085636
283,0.3266096094003832
284,0.005189432906759459
285,0.7495508438348076
286,1.0
287,1.0
288,0.05633073761953929
289,0.4140894150584364
290,0.26659584061984654
291,0.014013352665163365
292,0.393759385083898
293,0.9748216869494253
294,0.06828416885006267
295,0.04547910197210556
296,0.8636536455382032
297,0.9992815900852554
298,0.014414319712766924
299,0.19000796947087625
300,0.9960523907771969
301,0.9918445397032776
302,1.0
303,0.7382846921842422
304,0.20577494819092276
305,0.9766692797590726
306,0.37997945210833073
307,0.46545715767805695
308,0.9990099404670651
309,0.2172465736340418
310,0.18010700644842348
311,0.9991605835555533
312,0.00864022602206983
313,0.8634265536956528
314,0.2482930971538736
315,0.9949861874741371
316,0.09903283432879205
317,0.16414493902161847
318,0.9982485016040679
319,0.06341255063402156
320,0.4409403411520348
321,0.0034034631557664434
322,0.9423074477645382
323,0.7599681359711846
324,0.24002107306635065
325,0.4092901039517637
326,0.9994735509318842
327,1.0
328,0.15160026685736122
329,0.737645359195319
330,0.3850665782651491
331,0.07165319759633076
332,0.047319365398521586
333,0.034242239366952615
334,0.9642393280212788
335,0.1617651291727443
336,0.09975495471306724
337,0.8372014619516448
338,0.34165272454055023
339,0.906363251778085
340,0.0497621931869333
341,0.1781207884450547
342,0.03541559766211635
343,0.003758715198005773
344,0.9837056410385904
345,0.4995078328785225
346,0.6116443972160499
347,0.9018651441481005
348,0.14667904017633376
349,0.04892555372925602
350,0.8660767194567481
351,0.328223610193062
352,0.048878522733030956
353,0.799595908450043
354,0.518123681121877
355,0.5282487293162276
356,0.7021382745819805
357,0.24822574884901427
358,0.025497774879167004
359,0.4452530105344374
360,0.9979382201750623
361,0.0073887711081773045
362,0.9823480556932077
363,0.33182457325795445
364,0.2013270378855137
365,0.9993043465923678
366,0.9769899080342231
367,0.9943059823885863
368,0.1787571142711953
369,0.7400920812254509
370,0.017827306251819358
371,0.353348446056256
372,0.5180047026773279
373,0.5765851834355443
374,0.039619749172073886
375,0.5053901106419793
376,1.0
377,0.08132988578132289
378,1.0
379,0.4683325259722259
380,0.005434786944748238
381,0.07863122732906076
382,0.4013202515423576
383,0.3664400223841692
384,0.253288070554444
385,0.49379548833380027
386,0.9950884703026397
387,0.3306793365353611
388,0.8039874089199815
389,0.08849327901938045
390,0.8010360535501317
391,0.9779956410668352
392,0.5027627995459989
393,0.07003123191306156
394,0.9908169442910778
395,0.9970424603834782
396,0.015273906254304193
397,0.9986962031638252
398,0.30914740324378215
399,0.9953797687732265
400,0.9985378594137351
401,0.5996028065323138
402,0.060427252862621655
403,0.994812861666468
404,0.11932292615018548
405,0.10617451926148348
406,1.0
407,0.9922793494555375
408,0.9997402597402598
409,0.13846438587370943
410,0.9997111574556832
411,0.9540101042501665
412,0.0586141917822995
413,0.11449259964586783
414,0.6229657582722516
415,0.7536383577621609
416,0.013930165286776253
417,0.8672103534741303
418,0.17231278650512652
419,0.06034723876660611
420,0.4767573135425544
421,0.9592172067408455
422,0.3082531609003667
423,1.0
424,0.043547382743079004
425,0.18793468727877446
426,1.0
427,1.0
428,0.11300272975001825
429,0.8757721252114028
430,0.48856331681582454
431,0.14708007083072314
432,0.014094951909290793
433,0.05190611544229236
434,0.2307721528817677
435,0.05601973938256077
436,0.010479860636322827
437,0.2335585537735362
438,0.9263105041601082
439,0.8228365446586721
440,0.9839652299010997
441,1.0
442,0.19929870029639032
443,0.9888578891025759
444,1.0
445,0.06267015453136823
446,0.19545945858625147
447,0.029701219627906596
448,1.0
449,0.21739855896751636
450,0.11355333302414933
451,1.0
452,0.9863665900203544
453,0.9989413377617603
454,0.3573304152217069
455,0.9962512658227847
456,0.6455005168548295
457,0.9839872621868649
458,0.1392137584124335
459,0.9993387353956932
460,0.9420353936925732
461,0.02534469160971212
462,0.4732629418820713
463,0.9139460163612684
464,0.8899042299634768
465,1.0
466,0.022450787180953297
467,0.2609846337054103
468,0.013923758982263008
469,0.03685454982795145
470,0.9990640053309326
471,0.9981741331748489
472,0.41279421642957786
473,0.06435116752026199
474,0.10761947414386656
475,1.0
476,0.09749202346226488
477,0.971091418841082
478,0.997523855633624
479,1.0
480,0.8194095248588882
481,0.6803054032005231
482,0.9941798511866006
483,0.9889196207551992
484,0.0397239979956142
485,0.4375847550797651
486,0.9478062866659345
487,0.7462770414998267
488,0.9988355260375275
489,0.6285904824783098
490,0.6729136931127653
491,0.9916641743948934
492,0.021229010840895436
493,0.9828873565697716
494,0.19005181174002922
495,0.9994219977553311
496,0.01793557245085694
497,0.016646956223257778
498,0.11537217567957712
499,0.15981923457212024
500,0.0105705297439566
501,1.0
502,0.3727839905835632
503,0.007500635721868607
504,1.0
505,1.0
506,0.1979919220881721
507,0.07780584605269622
508,0.11724119770972605
509,0.204203953168263
510,0.07013964300850693
511,0.6169730270589376
512,0.9938562308397144
513,0.05186793460484596
514,0.04139168167913313
515,0.9973794974114685
516,0.2302729870175655
517,0.4143318347660471
518,1.0
519,0.9994325396825395
520,0.03600576315967927
521,0.025944369103875955
522,1.0
523,0.3868873567692226
524,0.7592075052565741
525,0.9963591822823642
526,1.0
527,0.09449093543974905
528,0.5271648116000728
529,0.9955533613425661
530,0.02240655494962382
531,0.8391448919083022
532,0.9996511627906978
533,0.9458783015263212
534,0.05939949771063504
535,0.5170323827576054
536,0.9450936583454479
537,0.9879316541263718
538,0.9840522899869886
539,0.9953745551850016
540,0.1416711728477601
541,0.023247447789485204
542,0.9500833417110518
543,1.0
544,0.9991285878524523
545,0.9538523022420508
546,0.13172849951500282
547,0.4026215629883187
548,0.988877047921749
549,0.18230671525523826
550,0.13112063573354754
551,0.8821154567878869
552,1.0
553,0.8178088669792555
554,0.3797278429578509
555,1.0
556,0.9974629365810057
557,0.0183739640674629
558,0.46236840206953433
559,0.9722631809280563
560,0.9933753992327412
561,0.018086887354413318
562,0.049007853381407625
563,0.9885244105463517
564,0.8559721040670406
565,0.9982341491835401
566,0.03151981681652219
567,1.0
568,0.9973654787932628
569,0.03486537598197303
570,0.3586743102021338
571,0.9959982523624835
572,0.933935666014211
573,0.6849024295709552
574,0.10258288870897696
575,0.687602822535638
576,0.13012491206314475
577,0.9954306979903447
578,0.9468700964139026
579,0.8910485964657089
580,0.025302640982293588
581,1.0
582,0.20099959889787178
583,0.49431153176647435
584,0.9996103896103896
585,0.9301921824058955
586,0.05339294110613278
587,0.9067360805017897
588,0.9951205170702735
589,0.19833746463629487
590,0.9996485166209936
591,0.08979004752008579
592,0.23958217274687207
593,1.0
594,0.925612055247279
595,0.9923858194119878
596,0.018319219002830782
597,0.11112106668588403
598,0.021257822628126245
599,0.1009512935361078
600,0.9822583317793507
601,0.2680588375068841
602,0.29365700426544755
603,0.41566992983644896
604,1.0
605,0.16776652896369768
606,0.9016070618553809
607,0.19951427481048317
608,0.035044289674687805
609,0.9620614353218968
610,0.9780607938813339
611,0.861724483235796
612,0.9958315527649091
613,0.061980509515642164
614,0.01903178792967575
615,0.07543668558113018
616,0.20988374403480323
617,0.572221818142307
618,0.4138894053906509
619,0.04416982428519152
620,0.9998550724637681
621,0.22192739159034938
622,0.9116312583517818
623,0.021927335531888553
624,0.060118864156256786
625,0.4689094196700694
626,1.0
627,0.052480401118276586
628,0.6477252840372912
629,0.17418022527080332
630,0.25846201902288013
631,0.9291616634568551
632,0.6010585524039037
633,1.0
634,0.17228862581534368
635,0.393241137621973
636,0.5230442134508643
637,0.9990088960740282
638,0.0659043534688976
639,1.0
640,0.9898929828237601
641,0.9895319040030859
642,0.29511747863211124
643,0.1940330240744822
644,0.9986482911123398
645,0.04554906605679529
646,0.9997841726618705
647,0.19662408774363363
648,0.6037849818543182
649,0.9914725217813931
650,0.27401967290710544
651,0.7178312958552299
652,0.10364446160615794
653,0.3941071894939959
654,0.008350518253892422
655,0.15013647095311103
656,0.01853872688856221
657,0.29979930308867525
658,0.5401385042024373
659,0.14826992304414127
660,0.3443962864061287
661,0.9927112708479028
662,0.9992909673070441
663,0.27383190498749377
664,0.07301068958690789
665,0.0991193824414228
666,0.9994715007215007
667,0.9464373085195951
668,0.9384554548729369
669,0.9916677295876545
670,0.3868711690748963
671,0.30236190981200073
672,0.9892464970292706
673,0.043466630068094564
674,1.0
675,0.1878309620657936
676,0.9939650837564468
677,0.11641803999129778
678,0.020729537975334153
679,0.986399692176865
680,0.10593032095921014
681,0.25544651886173925
682,0.10729236892602204
683,0.9469377886736232
684,0.012526996799519184
685,0.040050110435573646
686,0.053519361046507036
687,0.15821419253950697
688,0.10628869538828047
689,0.046065151772444246
690,0.20133186613213602
691,0.8564131944896881
692,0.9716989578120253
693,1.0
694,0.04341289500471134
695,0.7030950830289956
696,0.02460634361677916
697,0.08538240381166162
698,0.06127307551720364
699,0.9485084776056079
700,0.3430772985015701
701,0.9996757164404224
702,0.7747107056090436
703,0.2836493101030194
704,0.044800376201366704
705,1.0
706,0.4238922570993929
707,0.9900406036646043
708,0.9622889923608863
709,0.6522563029315634
710,0.005941488751457133
711,0.9943688627393382
712,0.1360994094607697
713,0.062072116702942576
714,0.9527719610567418
715,0.08757877158281216
716,0.08034596976496827
717,1.0
718,0.03776112780995884
719,0.9760653181886714
720,0.9302383509013065
721,0.303363046765052
722,1.0
723,0.2120798232814899
724,0.6472442618017797
725,0.9988218646277857
726,0.9998666666666667
727,0.7140682682157917
728,0.8141808392155222
729,0.9998319327731093
730,0.9966855315884119
731,1.0
732,0.04377906812435357
733,0.6719654821936483
734,0.12711527915990475
735,0.07112458400809056
736,1.0
737,0.2352798446728225
738,1.0
739,0.06589553681948203
740,0.8294112866688258
741,0.507913993090955
742,0.9972260918499976
743,1.0
744,0.7378171097533708
745,0.9929547908567287
746,0.47905344472159705
747,0.9997674418604652
748,0.5653932542166539
749,0.41617275144480237
750,0.381146203020348
751,0.5301294890194331
752,1.0
753,0.013038923751993291
754,0.028050797836477414
755,0.9978488109778126
756,0.008652346402092018
757,0.996366941529883
758,0.42766339015161164
759,0.14483348265717355
760,0.6162438905218778
761,0.10250686609581905
762,0.9199940313425407
763,1.0
764,0.9543650618195358
765,0.12815854528960988
766,0.03012447814976679
767,0.35665524833444473
768,0.14553830763513634
769,0.9997631578947369
770,0.14514324165101022
771,0.5684363284668656
772,0.06147978041930893
773,0.9779375357967928
774,0.2689719172743315
775,0.02109720479120176
776,0.9408412208720118
777,0.03390347367488396
778,0.9778601563918973
779,0.9994873336204948
780,0.02852362029782435
781,0.3820012543288086
782,0.0943924461483163
783,0.9624392376204978
784,0.4737331346681296
785,0.9753112368433247
786,0.671693165646719
787,0.16457982585079012
788,0.07183578203570154
789,0.9972195567575867
790,0.9834298975625895
791,0.9988297033568736
792,0.21967724128165572
793,0.0023366525811332056
794,0.9635662376144641
795,0.9991522249990676
796,0.08749430810159463
797,0.11654673341883315
798,0.27776085416048657
799,0.99933641700765
800,0.8353149869590546
801,0.07383207420598413
802,0.28089978343059213
803,0.9828243919760805
804,0.9523946509450364
805,0.9810764769946583
806,0.1669827248037848
807,0.3813796852151914
808,0.21753718743707837
809,0.9205792937336449
810,0.4639413653466357
811,0.6105083674754153
812,0.06575065376226222
813,0.02078626626128681
814,0.7258022636378766
815,0.9988240371287401
816,0.994499381404663
817,0.8793995906072714
818,0.019819483731554673
819,0.1129354953002188
820,0.021566634417122782
821,0.34369944513854106
822,1.0
823,0.07438660635009672
824,0.9052472370285304
825,0.989750523879638
826,0.04530284994200731
827,0.37406060673323505
828,0.4606209013519962
829,1.0
830,0.9879320637906556
831,0.7521417099101995
832,0.9963178952822247
833,0.9970038582404502
834,0.9388482971065152
835,0.07925933428429449
836,0.9976092468503535
837,0.14549890442636726
838,0.16614517383769356
839,0.05200561569527506
840,0.9150815484141855
841,0.9216804716863485
842,0.03438804011162304
843,1.0
844,0.9954220756016636
845,0.32064918437875733
846,0.9829908568002977
847,0.8187106193540739
848,0.7206252082833273
849,0.9823253777455366
850,0.1333719102384099
851,0.024944992207654875
852,0.07281546833994289
853,0.06565555209274412
854,0.48592900163522784
855,1.0
856,0.24561265052557335
857,0.9644183042670142
858,0.6623444768344064
859,0.07075555865813929
860,0.6771559280654723
861,1.0
862,1.0
863,0.1543751256708718
864,0.35430598927784723
865,0.14413008268929647
866,0.9719429854963163
867,0.9872078740745878
868,0.16273716568383698
869,0.10437833071636503
870,0.888621577036257
871,0.9895557848268544
872,0.08006433321183223
873,0.9977471046031562
874,0.6118338380443271
875,0.9679958286198794
876,0.9738088575683622
877,0.02099214081818565
878,0.1924602593534529
879,0.9994075304540421
880,1.0
881,0.08080515777228146
882,0.999193052851817
883,0.9124438706811471
884,0.7070529293226621
885,0.16303041754664085
886,0.39079060663014237
887,0.45847438127173545
888,1.0
889,0.9989125042475577
890,0.49032184915723076
891,0.9589983048519433
892,0.9949653708749336
893,0.05685689940701415
894,0.43303984977187476
895,0.006101394242157151
896,0.35314660505874956
897,0.008945362623724237
898,0.19081812989933059
899,0.8629582851179138
900,0.008737021303712213
901,0.7787145474063232
902,0.999875
903,0.9998601398601399
904,0.03681815450128879
905,0.05644680472507112
906,0.9792450634498888
907,0.9990854098723068
908,0.011733838147361557
909,0.16872807723642777
910,0.9815573077296033
911,0.10184471705714848
912,0.05028599555877679
913,0.9941451667404999
914,0.08211352126651433
915,0.9982178994950605
916,0.06245829194489703
917,1.0
918,0.2638932202324763
919,0.9947086141253567
920,0.06996625616603486
921,0.9999236641221374
922,0.18472559931796986
923,0.07315798851560082
924,0.08172097686705992
925,0.9078973091553589
926,0.14468861587855758
927,0.02625357284319603
928,0.7490049608544096
929,0.9883754008459877
930,0.476078419076456
931,0.6209976538152417
932,0.48651752254217856
933,0.9913020394654035
934,0.14706924658480655
935,0.9381353230303163
936,1.0
937,0.7545807195450012
938,0.9796223548205707
939,1.0
940,0.19814852405505018
941,0.0575952914554157
942,0.030186936249869366
943,0.01892416475512952
944,0.49295929121378945
945,0.2211597649095627
946,0.9989015993265993
947,0.9933746718036147
948,0.9983788908605175
949,1.0
950,0.11905376334673595
951,0.1712843587525178
952,0.11940195870782022
953,0.05754968852650522
954,0.014646291581242954
955,0.5871655789836394
956,0.9723205902134705
957,0.07671994771898305
958,0.10223334105147577
959,0.09050439595003791
960,0.9562135986481087
961,0.9969712329836018
962,0.07948780520488404
963,1.0
964,0.6647493872762563
965,1.0
966,0.29762973415699695
967,0.29888691556345415
968,1.0
969,0.008827574075836637
970,0.9869526457343138
971,0.7652872950333302
972,0.6521598957631379
973,0.9788459070724546
974,0.14849633319834454
975,1.0
976,0.04228172631875602
977,0.9613611119843217
978,0.9937037688982368
979,0.2775376840604942
980,0.691482127757245
981,0.9693619145541215
982,0.22248575474283996
983,0.17245832158114752
984,0.015961804887902883
985,0.9986916731755217
986,0.9984657052009992
987,0.7404939643438272
988,0.9952281978156237
989,0.9339434563138822
990,0.9071150877682171
991,0.1771823979161357
992,0.7940411709021175
993,0.021886018986988276
994,0.07374656643337506
995,0.33070036494623845
996,0.025345402791083507
997,0.9616790482642902
998,0.13579736239935816
999,0.12537615629694035
1000,0.9993367965367966
1001,0.9107212232216461
1002,0.045873847308900186
1003,0.06813245212210685
1004,0.9806709381360399
1005,0.9900763439002656
1006,0.9774739437595215
1007,0.004167781290751959
1008,0.9984556277224835
1009,1.0
1010,0.5398486324481097
1011,0.029498020666411405
1012,0.024732446433394183
1013,0.9090144698832971
1014,1.0
1015,1.0
1016,0.9571629640236893
1017,1.0
1018,0.9826286665879997
1019,0.9996526806526808
1020,0.9516894423764315
1021,0.9993191799810532
1022,0.8982027416103046
1023,0.07639097792629186
1024,0.9947498477839828
1025,0.37282672210199785
1026,0.38115124313533455
1027,0.4557112361672695
1028,0.11679372666496997
1029,0.005587868205689972
1030,0.9904404771814762
1031,0.9970701205350894
1032,0.026596262118235243
1033,0.08105700736587496
1034,0.9848779702117896
1035,0.02762620757713645
1036,0.9421454488049301
1037,0.40251606956276426
1038,0.9616601305162099
1039,0.9957891369337208
1040,0.9988484145353521
1041,0.9329173553414819
1042,0.2382439884364912
1043,0.019954226782212137
1044,0.9839895848709993
1045,0.7634853925025468
1046,0.04065825573731042
1047,0.08709873238051802
1048,0.9670180090351904
1049,0.013548278626537777
1050,0.5760685701749572
1051,0.06666365252273357
1052,0.32806396544732164
1053,0.04201673618879757
1054,0.9997435897435898
1055,0.9592965375529312
1056,0.14295114610579923
1057,0.0063132789854167684
1058,0.08567243788194064
1059,0.13115807824983078
1060,0.9985392864516865
1061,0.9991006874418228
1062,0.020768814015746023
1063,1.0
1064,0.998211787444153
1065,0.8005480693115997
1066,0.2079157530620701
1067,0.8428443624293442
1068,0.7416272653482783
1069,0.8728661256655075
1070,0.017905930558632113
1071,1.0
1072,0.9741918239641463
1073,0.10403319062340499
1074,0.3408319826246607
1075,0.9979989593101799
1076,0.05942355184915458
1077,0.9090834331209406
1078,0.046331815631201805
1079,0.9919095061664853
1080,0.5626125471455219
1081,0.5094598908298965
1082,0.8588358241878066
1083,0.5924634652630221
1084,0.5542511998771344
1085,0.45360236664724674
1086,0.5850082358396007
1087,0.9879675161504623
1088,0.5002257422391811
1089,0.6320077677441585
1090,0.6479699089955369
1091,0.06472307982961159
1092,0.008667212011512973
1093,0.10922747643392235
1094,0.9921722698813541
1095,0.9467136850275146
1096,0.046595332135131826
1097,0.13230814823702136
1098,0.020236552292732014
1099,0.9165726884614241
1100,0.9991324590642301
1101,1.0
1102,0.3790036466651731
1103,0.08045160187911621
1104,0.01999268985683871
1105,1.0
1106,0.8026217852388874
1107,0.998680215863131
1108,0.9980081187846624
1109,0.7419277045729074
1110,0.9961719074096993
1111,0.9975239144331824
1112,0.16086716129708428
1113,1.0
1114,0.9633355738511176
1115,0.5072882246052842
1116,0.0057473773311629405
1117,0.9741989781089329
1118,0.9234316304634198
1119,0.08229829105731223
1120,0.9976311349265159
1121,0.6294135883042825
1122,0.02776738725886522
1123,0.9766608873108766
1124,0.5071139925151624
1125,0.07129872513881486
1126,0.9180587249190861
1127,0.9934305748699894
1128,0.16386175211076856
1129,0.5600449178649238
1130,0.9996511627906978
1131,0.06090947228989183
1132,0.9991779607266742
1133,0.7046012026798573
1134,0.9978852557507705
1135,0.37809314221780677
1136,0.2328505476654307
1137,0.9900807756424206
1138,0.11384461980733608
1139,0.9991738816738817
1140,0.010043249082690189
1141,0.4731539860027766
1142,0.6613011394131121
1143,1.0
1144,0.14925199460105895
1145,0.00795406143858578
1146,0.1264648852311112
1147,0.9053030392399819
1148,0.9975133222542436
1149,0.06584859295725147
1150,0.9965799109172616
1151,0.9962430240351402
1152,0.9914452803791773
1153,0.1196167061958995
1154,0.9954794571638297
1155,0.5144692392127983
1156,0.07538407441910158
1157,0.5830481894654291
1158,0.9987280006099701
1159,0.04510436020940796
1160,0.9051434177509582
1161,0.005233305190567441
1162,0.5902030646570884
1163,0.9924827202910689
1164,1.0
1165,0.3799339291087711
1166,0.20711298191788405
1167,0.9752631680255103
1168,0.9963365498771285
1169,0.9977185893283024
1170,0.03109458552976291
1171,0.01856077456819196
1172,0.04796128482988001
1173,0.9989841314803339
1174,0.06905390783434
1175,1.0
1176,0.21567113187176715
1177,0.07581470887701046
1178,0.9998979591836735
1179,0.9921302383422304
1180,0.9832114324219369
1181,0.5463321153060857
1182,0.8066621279580326
1183,0.13055180604281852
1184,0.06624402689870841
1185,0.9998684210526315
1186,0.03581478067625032
1187,0.9849975484278477
1188,0.9972291950643346
1189,0.9975592834779353
1190,0.3053460330500646
1191,0.9991241248097412
1192,0.004999432468113081
1193,0.050145785539712495
1194,0.20019150844448583
1195,0.98063371319888
1196,0.6447333564093793
1197,0.1411064190296246
1198,1.0
1199,0.15524656710698131
1200,0.8705541846441759
1201,0.5017953207437094
1202,0.7743249351467694
1203,0.9381048465849378
1204,0.5841169578347029
1205,0.6493087413188625
1206,0.08955438841859749
1207,0.7806054331521792
1208,0.9013074302400895
1209,0.2941270524348716
1210,0.9098721470756762
1211,0.03055472376337485
1212,0.006879597052739488
1213,0.9997222222222223
1214,0.5621477160196525
1215,0.9986456478163177
1216,0.012433985187932064
1217,0.9546703030024974
1218,0.972737879095479
1219,0.017015435395506748
1220,0.1384510536063882
1221,1.0
1222,0.029233638218721113
1223,0.9965105096208516
1224,1.0
1225,0.989191691142219
1226,0.03769692174784856
1227,0.8324652490502475
1228,0.35343880158036856
1229,0.9706099784990829
1230,0.1667991448960142
1231,0.25438292707546956
1232,1.0
1233,0.9982384630914425
1234,0.9993752088205814
1235,0.5589630469308936
1236,0.9974875993240583
1237,0.987365320009575
1238,0.7752703758449662
1239,0.9994666666666666
1240,0.9950151469945283
1241,0.4998120156802092
1242,0.8243016946989179
1243,0.03951010135041022
1244,0.9980450526485011
1245,0.9998630136986302
1246,1.0
1247,0.012391397912601621
1248,0.6420198357612646
1249,0.03964553824230381
1250,1.0
1251,0.3680961580962437
1252,0.18016445119686253
1253,0.8385440598101539
1254,0.998791651810667
1255,0.9920331101248036
1256,0.7812131900263332
1257,0.8690377144276898
1258,0.8640553326315144
1259,0.1826004738416217
1260,0.04985914848986707
1261,0.07404127663148413
1262,0.9993369799139168
1263,0.14950489995083657
1264,0.05065843119208611
1265,0.09863866521679347
1266,0.9990413617312012
1267,0.9205649511524073
1268,0.13675695461610146
1269,0.04184435498081303
1270,0.9962520040554176
1271,0.1763565002380895
1272,0.4674607699164079
1273,0.627668421480416
1274,0.08465559889853276
1275,0.8625840232351585
1276,1.0
1277,1.0
1278,0.3565628548029566
1279,0.9660138774052903
1280,0.9967203659918578
1281,0.9883627336685287
1282,0.434060729551004
1283,0.9948709251972585
1284,0.033735333814064836
1285,0.06202290259222372
1286,0.664966560430613
1287,0.9962727559541108
1288,0.2633929925819076
1289,0.06296537012970824
1290,0.43318920527567234
1291,1.0
1292,0.015954992998690926
1293,0.42198444772023314
1294,0.9227750211400195
1295,0.09455543948316039
1296,0.9853307267909079
1297,0.9989970123198336
1298,1.0
1299,0.691846031462076
1300,0.9991494091494091
1301,0.07530910595999933
1302,0.13602987528002156
1303,0.9424315468735476
1304,1.0
1305,0.012602784236616982
1306,0.9535231123423451
1307,0.1479225066266744
1308,1.0
1309,0.006303580517345919
1310,0.8214628589003635
1311,0.9564524627433026
1312,0.07108783127607891
1313,0.04120217698051509
1314,0.8053567789142971
1315,0.2892425169908908
1316,0.9996202531645569
1317,0.5414686903106929
1318,0.2397904705874839
1319,0.10762776239760478
1320,0.9984553434742015
1321,0.06878601351363169
1322,1.0
1323,0.03267682327459438
1324,0.18593379475314048
1325,0.9296475280256926
1326,1.0
1327,0.9998550724637681
1328,0.03891933287175084
1329,0.48061822684965405
1330,0.9987717620022221
1331,0.05316854523587145
1332,0.01575939206272952
1333,0.7584039318202781
1334,0.7348126785702427
1335,0.7317742064380632
1336,0.26644705382072137
1337,0.9990262183455525
1338,0.3168688611058199
1339,0.23934300429342792
1340,0.7790370332815689
1341,0.9986685560906257
1342,0.9991395099485599
1343,0.9393440944703519
1344,0.37950571357422647
1345,0.9995127262828365
1346,0.9853640756711189
1347,0.95091346148801
1348,0.9729972027037357
1349,0.0898253662924922
1350,1.0
1351,0.98451550342393
1352,0.024015577201632037
1353,0.9934914338830153
1354,0.0917936203861331
1355,0.07656728102298001
1356,0.999214741850284
1357,0.5103843204237278
1358,1.0
1359,0.846247796505631
1360,0.7288821422695139
1361,0.9994612763192459
1362,0.37194016846934774
1363,0.9963012806874528
1364,0.9973460909645121
1365,0.9996747967479674
1366,0.9947661751408807
1367,0.9975399753467475
1368,0.9967289942160188
1369,0.17068582811495134
1370,0.36694646579118034
1371,0.006776917426089787
1372,0.4020324450114636
1373,0.5390063320647408
1374,0.20828683781233157
1375,0.17298246684921534
1376,0.07643650391311253
1377,0.9299782368183515
1378,0.10879036004772641
1379,1.0
1380,0.8538663819011346
1381,0.972596222462542
1382,0.9403272217414598
1383,0.9969080325645424
1384,1.0
1385,0.4298671503975393
1386,0.5365480849799168
1387,0.22350897495605185
1388,0.9823690926646094
1389,0.20390464312584897
1390,0.9928664067865358
1391,0.07535570973066218
1392,0.9997333333333333
1393,0.4431807134339488
1394,0.24398888667957155
1395,0.9991186182372366
1396,0.9981916607766411
1397,0.9996969696969696
1398,0.9382874483885449
1399,0.030261633201899073
1400,0.7460633856712934
1401,0.3568368763405719
1402,0.10328709252319401
1403,0.47000613388048684
1404,0.9970677407403236
1405,0.9755380220937333
1406,1.0
1407,0.7355468805644088
1408,0.3653182408109072
1409,0.25151160745874124
1410,0.9997368421052631
1411,0.9127895875979452
1412,0.13908892089551045
1413,0.958683143561634
1414,0.7511083814935832
1415,0.7758291924440064
1416,0.13927582548271988
1417,0.7919471537201629
1418,0.5114626222413442
1419,0.019946194280888393
1420,0.9967664310586105
1421,0.998654769611753
1422,1.0
1423,0.26452274355563815
1424,0.32511753330693866
1425,0.09309677413256603
1426,0.5001196332010409
1427,1.0
1428,0.9962992942748418
1429,0.9990108307795643
1430,0.033532553292445935
1431,0.19668380483219888
1432,0.9509678676456219
1433,0.9796142507573014
1434,0.770121699965878
1435,0.1257466550457302
1436,0.050629341957550984
1437,0.10552891109025576
1438,0.14863298034463665
1439,0.036684254293446406
1440,1.0
1441,0.709769517875299
1442,0.14554381079453912
1443,0.07061296076002711
1444,0.5892996599567258
1445,1.0
1446,0.9980868999734969
1447,0.06173249937724792
1448,0.9026819356268814
1449,0.6472411151123354
1450,0.03616077047615955
1451,0.08739083642132271
1452,0.995196637985632
1453,0.239930033369054
1454,0.9986822826737408
1455,0.2048361238109792
1456,1.0
1457,0.9702147849044833
1458,0.6494738780244238
1459,0.02329817997394985
1460,0.2241365926363697
1461,0.07025726002771694
1462,0.005680051372956372
1463,0.9309542100334596
1464,0.9792783218084824
1465,1.0
1466,0.9885511255513876
1467,0.12211561002120913
1468,0.14555715746912465
1469,0.062206457872245914
1470,1.0
1471,0.17009598853912425
1472,0.09112669792190346
1473,0.9255371009522143
1474,0.8318474741184424
1475,0.9995218390804597
1476,0.9924660760549048
1477,1.0
1478,0.5491329594749117
1479,0.9528657729104162
1480,0.2731538874628266
1481,0.50936595637745
1482,0.7881114196485517
1483,0.9978509329011743
1484,0.04726011349087982
1485,0.7651022506605656
1486,0.9862094366831385
1487,1.0
1488,0.1151908910721202
1489,0.9916917860584179
1490,0.9437167030719206
1491,0.10180778559004036
1492,0.6318542849520754
1493,1.0
1494,0.9993687451943946
1495,0.8750491706588837
1496,0.9323997638268336
1497,0.9978381023670899
1498,0.7637007999728473
1499,0.14620959110284293
1500,0.09779417019332685
1501,0.06807712491690417
1502,0.9988573793426844
1503,0.9837694197651495
1504,0.0844741503781638
1505,0.9997172827172827
1506,0.24426922733807885
1507,0.890880340898525
1508,0.9795422917996006
1509,0.05504146644093874
1510,0.9413642182282846
1511,0.006936607432702033
1512,0.41824787363743937
1513,0.9629826351449708
1514,0.9987185308493457
1515,0.9971212807509074
1516,0.08823399180614758
1517,0.15552092083971902
1518,0.03944400966113538
1519,0.9501204278616098
1520,0.0020112595533224096
1521,0.2662644087139145
1522,0.02244893223484284
1523,1.0
1524,0.9204178244958378
1525,0.9763096504124892
1526,0.09060693184184598
1527,1.0
1528,0.9961120952787784
1529,1.0
1530,0.2483237663881171
1531,0.9963403483223903
1532,0.9990383341381385
1533,0.9997118439727134
1534,0.9917624998890208
1535,1.0
1536,0.12020136880319095
1537,0.4693013446132628
1538,0.9957491875549338
1539,0.07591177394784734
1540,0.6522752481816666
1541,0.9210012512667192
1542,0.03841947522240649
1543,0.030600768036027987
1544,0.07844159950251303
1545,0.8761940398432861
1546,1.0
1547,0.20140000670580238
1548,0.18979507364800277
1549,0.427161013892798
1550,0.9990178435260028
1551,0.24694424570638243
1552,0.8607664363635181
1553,0.01932491829126692
1554,0.9908857286481052
1555,0.40697592139263056
1556,0.9666167779797422
1557,0.15960475143100786
1558,0.9714242501827484
1559,0.9689866832127576
1560,0.49043894783536246
1561,0.048694900325331886
1562,1.0
1563,1.0
1564,0.03868457617800468
1565,0.1565704290905977
1566,0.9135069883203005
1567,0.8293505547020638
1568,0.060761073813451166
1569,0.2649962691048248
1570,1.0
1571,0.9499199948606758
1572,0.30979263075842706
1573,0.9936969591940698
1574,0.12938672551667577
1575,0.9993255291985834
1576,0.24991555278782304
1577,0.9992382045429986
1578,0.11656232995776891
1579,0.2617570704827186
1580,0.22434571180883175
1581,0.061693297110511525
1582,0.0332238474789719
1583,0.5760367389000305
1584,0.02063225226947234
1585,0.004600969697758664
1586,0.9191784741987031
1587,1.0
1588,0.9931798683785031
1589,0.9901930925015512
1590,0.5748281475877782
1591,0.9939237271019499
1592,0.9994744074201304
1593,0.4208828096967727
1594,0.11936157892326187
1595,0.9973447159140764
1596,0.2609277211377195
1597,0.9998591549295774
1598,0.07412655302716809
1599,0.998722119300409
1600,0.266284309195188
1601,0.945566159812844
1602,0.9987682230787052
1603,0.10569325495206516
1604,0.8985679983338076
1605,0.0466641108852187
1606,0.19296821196814495
1607,0.23910374442580395
1608,0.8636594080538402
1609,0.9936768312636021
1610,0.9908227711001858
1611,1.0
1612,0.2283556820800968
1613,0.9001071120183062
1614,0.48162894189312605
1615,0.9060573513792747
1616,0.12367194496186489
1617,0.9741725614382832
1618,0.9878660945768405
1619,0.018793143040125623
1620,0.27579564214649527
1621,1.0
1622,0.08799362581703081
1623,0.08479260893190683
1624,0.9919971258671196
1625,0.944137776290213
1626,0.9887636889139623
1627,0.8459067304120714
1628,0.9887535173254964
1629,1.0
1630,0.13270117700636547
1631,0.3103093998154616
1632,0.9115490310780575
1633,0.9941499580886926
1634,1.0
1635,1.0
1636,0.9712891147913767
1637,0.2533326618610306
1638,0.14818036170955645
1639,0.9913780459385214
1640,0.17028912232566998
1641,0.07645403542429981
1642,0.007051969236361205
1643,0.9947675036228688
1644,0.25029819067144277
1645,0.9999315068493151
1646,0.9132907700136301
1647,1.0
1648,0.10962346745814312
1649,0.4136855462698588
1650,0.9162748132204583
1651,0.9994078947368422
1652,0.06632982365083892
1653,0.27189856176707544
1654,0.02549132214968912
1655,0.8700630150485458
1656,0.38667243810709473
1657,0.9934587413302752
1658,1.0
1659,0.034659848045489584
1660,0.19317855185272315
1661,0.9912422465409803
1662,0.9203547170546527
1663,0.9998809523809524
1664,0.6423084397218635
1665,0.9989402387345426
1666,1.0
1667,0.9996648401826483
1668,0.9986780475992805
1669,1.0
1670,1.0
1671,1.0
1672,0.9506592480749819
1673,0.21450853844114612
1674,0.588264837739835
1675,0.43622916107940485
1676,0.9875140766042572
1677,0.07582232835254216
1678,0.8032191684549056
1679,0.9857021472727853
1680,0.15578702519439128
1681,1.0
1682,0.08191870713512048
1683,0.01590834111241132
1684,0.9986270618147146
1685,0.8122025029445681
1686,0.965217280737514
1687,0.9997810218978103
1688,0.28232475741784857
1689,0.8307798375750894
1690,0.717354372450949
1691,0.9552711155193133
1692,0.9906349668113631
1693,0.41405300578942955
1694,0.17112196900982332
1695,0.07997680620063183
1696,0.49866031761013113
1697,0.18495662207167293
1698,0.09738186442073707
1699,0.4546659552505961
1700,0.4359908450280798
1701,0.9986868386123247
1702,0.99774304031688
1703,0.07371311370716217
1704,0.9969118984138459
1705,0.7036539782415676
1706,0.6984916651519125
1707,0.6127586179447125
1708,0.04646332854448991
1709,0.008662461771711854
1710,0.2753389997601486
1711,0.9955056582600098
1712,0.005098672467304072
1713,0.16499214485956706
1714,0.21598860165143663
1715,0.11104327171451722
1716,0.918565818183409
1717,0.9899746028358142
1718,0.7495643600598391
1719,1.0
1720,1.0
1721,0.06245351636983726
1722,0.9886409697695258
1723,0.551863619172229
1724,0.9993627572526654
1725,0.8989160206195482
1726,0.01298853477902139
1727,0.9953008882657848
1728,1.0
1729,0.9500253151442234
1730,0.9957774024591066
1731,0.9466881475438272
1732,1.0
1733,0.14753998081171413
1734,0.9985135467767404
1735,0.9490378368813662
1736,0.013524301822987434
1737,0.06986159705079083
1738,0.6649548002755037
1739,0.8097619365422429
1740,0.13917485330506105
1741,0.651855918087819
1742,0.9361341400357559
1743,0.9739046548437493
1744,0.23970301523918952
1745,0.04848851861447672
1746,0.13037903458991848
1747,0.9965475420357017
1748,0.10007794823580324
1749,0.9902049876744861
1750,0.1828479226567618
1751,0.1121991907451668
1752,0.8071395052878871
1753,0.34823936956417967
1754,0.9618411383547187
1755,0.4783334385307345
1756,1.0
1757,0.35177760078215387
1758,0.2466004185741121
1759,0.27152871458308836
1760,0.5280949952063165
1761,0.9753295559443964
1762,0.19543981355022708
1763,0.8672686139150468
1764,0.06821534335165483
1765,0.9991241248097412
1766,0.9931780610954306
1767,1.0
1768,0.9989671459797594
1769,0.9993604854199407
1770,0.1846143181138757
1771,0.859186375828864
1772,0.6881116165204213
1773,0.9963876925616418
1774,0.11692693322254477
1775,0.7957689413676451
1776,0.9995999999999999
1777,0.8998479501217413
1778,0.1843328565798653
1779,0.1773990057600961
1780,0.9995326048091535
1781,0.9953452146819557
1782,0.9665419487766366
1783,1.0
1784,0.9991241241241241
1785,0.9969621764693427
1786,1.0
1787,0.018737638480157106
1788,0.016507309322497023
1789,0.15769609434258888
1790,0.5987782501532225
1791,0.9990560165409279
1792,0.305615030130392
1793,0.7688965816732574
1794,0.9990712048224486
1795,0.9923221755341787
1796,0.9945631166026244
1797,0.23996528476024437
1798,0.0772563652483411
1799,0.25974543763207253
1800,0.9056498083854835
1801,0.9994734437464305
1802,0.02455071737433088
1803,0.9184494281108967
1804,0.5619862110760085
1805,0.9915002809532397
1806,0.039188974981347185
1807,0.9301561044358772
1808,0.11407515101828591
1809,0.8409816820745484
1810,0.26554863236351195
1811,0.08920461921746363
1812,0.9989343749531626
1813,1.0
1814,0.9992792792792793
1815,0.9940089020847832
1816,0.9885614130918907
1817,0.08889505017331517
1818,0.9996489898989899
1819,0.9850488677344994
1820,0.17527148790442063
1821,0.0025812431905588218
1822,0.8614806303082547
1823,1.0
1824,0.0393205272867467
1825,0.020289545452686766
1826,0.979878680577228
1827,0.6068387791749487
1828,0.9958193608419375
1829,0.004614165708953083
1830,0.9512752785063843
1831,0.9996103896103895
1832,0.40801983330890196
1833,0.9978594316211093
1834,0.24115973269354896
1835,0.5617475136114561
1836,0.9968556609903848
1837,0.9976513920698021
1838,0.025487844231148072
1839,0.5631732597192137
1840,0.16941962259243845
1841,0.9974232548081254
1842,0.015076476666372017
1843,0.9911732615246975
1844,0.9998507462686567
1845,0.6985162530051728
1846,0.21508902258793344
1847,1.0
1848,0.020416000182093764
1849,0.09476294917564228
1850,0.6711575182420485
1851,0.4293688630941168
1852,0.9981160650663863
1853,0.09233774891252165
1854,0.9966378299455997
1855,0.13103044558570687
1856,0.4361791720166252
1857,0.11290324714114743
1858,0.04740836151816886
1859,0.9820156346033584
1860,0.1505565711221946
1861,0.6347299325666446
1862,0.041408823200029685
1863,0.9832662688536878
1864,0.11400407984818654
1865,0.9816025281246518
1866,0.975894053057132
1867,0.9983104610902993
1868,0.524254630955999
1869,0.07509250186333935
1870,0.057240448514564495
1871,0.23168523304696592
1872,0.650477048955275
1873,0.0209233565161581
1874,0.9947139242348283
1875,0.5505005741726028
1876,0.38184336022549475
1877,0.8638333261284192
1878,0.41404015754400164
1879,0.9311846093400963
1880,0.4794594812362331
1881,0.13369903668308855
1882,0.9998913043478261
1883,0.13341764591006974
1884,0.053820539738006525
1885,0.14663845069174897
1886,0.44370193223846355
1887,0.6819469694109956
1888,0.08924052462276802
1889,1.0
1890,0.16361675163721373
1891,0.025774504311241907
1892,0.05307492317794955
1893,0.9996884293052176
1894,1.0
1895,0.6473133359678672
1896,0.6124518901402685
1897,0.6334316235981787
1898,0.12025949744073118
1899,1.0
1900,0.030595893488041752
1901,0.15754707126761605
1902,0.9320292068087553
1903,0.941142577216863
1904,1.0
1905,1.0
1906,0.09144118930293389
1907,0.8358689563860439
1908,0.7671908747177839
1909,0.9416890735547553
1910,1.0
1911,0.07426334899477614
1912,0.2151275592443213
1913,0.624920579017354
1914,0.999270493744911
1915,0.9883919750935669
1916,0.21644119032365552
1917,0.9683966660973273
1918,0.9973394962137327
1919,1.0
1920,0.8134068876066317
1921,0.9977659103750409
1922,0.8867477873311559
1923,0.046038530024938094
1924,0.26864736176272436
1925,0.9929113820847557
1926,0.9998507462686567
1927,0.9973047476424337
1928,0.8021095027587889
1929,0.07244767131310276
1930,0.09199373919223446
1931,0.9524571837108872
1932,0.9976343493613072
1933,0.9827880443417052
1934,0.016595125707329884
1935,0.9999315068493151
1936,0.290830268880265
1937,0.8559242960304934
1938,0.011857676883730064
1939,0.03415690357092399
1940,0.7312824219414402
1941,0.1099761332709819
1942,0.9997161410018554
1943,0.4732549739163345
1944,0.6458897824627796
1945,0.9985979729348774
1946,0.07866931322381931
1947,0.06955649379231293
1948,0.6970193636792559
1949,0.1561493157387261
1950,0.19414776727237887
1951,0.23567016245707628
1952,0.11633832500090863
1953,0.00697564124985817
1954,0.7788570234572079
1955,0.013771403112730037
1956,0.9775083040705097
1957,0.09515773981805052
1958,0.35118810959191166
1959,0.9822462080100774
1960,0.08743114893611083
1961,0.9964222778466894
1962,1.0
1963,0.0014660182246495088
1964,0.038614256347376655
1965,0.12675579188888458
1966,0.9982856931630302
1967,0.23985634222399782
1968,0.1680363929307642
1969,0.22380754120718588
1970,0.7968627178596212
1971,0.646376506405329
1972,0.9924152794493929
1973,1.0
1974,0.9961655104112447
1975,1.0
1976,0.9893439115328756
1977,0.013576203208738473
1978,0.04852570935942388
1979,0.02100495520054989
1980,0.7396980393193731
1981,0.9997350877192982
1982,0.07061777521674818
1983,0.9988969435283336
1984,0.25748202197663445
1985,0.16566137605634024
1986,0.017211838763175093
1987,0.6040482603851602
1988,0.07984540909122344
1989,0.08458664221255896
1990,0.0035429626501304046
1991,0.23725531884380055
1992,0.9988775632332657
1993,0.5759095995549842
1994,0.9991891891891892
1995,0.7155030512778553
1996,0.9995712560386474
1997,1.0
1998,0.5800018210589704
1999,0.10659260145746506
2000,0.15654970218295408
